{
  "vegetation_percentage": 1.4296471111425555,
  "high_density_percentage": 0.23600042449755157,
  "medium_density_percentage": 0.5008060399937336,
  "low_density_percentage": 0.6928406466512702,
  "ndvi_mean": 0.06854547560214996,
  "total_pixels": 395762,
  "vegetation_pixels": 5658,
  "images_processed": 1,
  "images_found": 1,
  "ndvi_threshold": 0.3,
  "geographic_bounds": {
    "west": 46.480708,
    "south": 24.446915,
    "east": 47.436519,
    "north": 25.020673,
    "crs": "EPSG:4326"
  },
  "city_info": {
    "name": "Riyadh, Saudi Arabia",
    "center_lat": 24.733794,
    "center_lon": 46.9586135
  },
  "processing_config": {
    "ndvi_threshold": 0.3,
    "cloud_threshold": 20,
    "highlight_alpha": 0.6,
    "date_range": "2024-07 to 2024-07"
  },
  "baseline_vegetation_2020": 1.402631924721293,
  "percent_change_vs_2020": 1.9260353300906388,
  "cloud_excluded_percentage": 36.16515424740878,
  "output_files": [
    "vegetation_highlighted.png",
    "ndvi_visualization.png",
    "false_color_base.png"
  ]
}