{
  "vegetation_percentage": 27.022005457818032,
  "high_density_percentage": 10.865315759933422,
  "medium_density_percentage": 10.694033172695425,
  "low_density_percentage": 5.4626565251891845,
  "ndvi_mean": 0.3999342918395996,
  "total_pixels": 826704,
  "vegetation_pixels": 223392,
  "images_processed": 1,
  "images_found": 1,
  "ndvi_threshold": 0.3,
  "geographic_bounds": {
    "west": -123.293917,
    "south": 49.172053,
    "east": -123.022006,
    "north": 49.318856,
    "crs": "EPSG:4326"
  },
  "city_info": {
    "name": "Vancouver, Canada",
    "center_lat": 49.245454499999994,
    "center_lon": -123.1579615
  },
  "processing_config": {
    "ndvi_threshold": 0.3,
    "cloud_threshold": 20,
    "highlight_alpha": 0.6,
    "date_range": "2024-03 to 2024-03"
  },
  "baseline_vegetation_2020": 42.70488590837833,
  "percent_change_vs_2020": -36.723855167784095,
  "cloud_excluded_percentage": 61.91720373918598,
  "output_files": [
    "vegetation_highlighted.png",
    "ndvi_visualization.png",
    "false_color_base.png"
  ]
}