{
  "vegetation_percentage": 69.23835321908749,
  "high_density_percentage": 35.125007956659196,
  "medium_density_percentage": 22.244980232122273,
  "low_density_percentage": 11.868365030306032,
  "ndvi_mean": 0.4497455358505249,
  "total_pixels": 706955,
  "vegetation_pixels": 489484,
  "images_processed": 1,
  "images_found": 1,
  "ndvi_threshold": 0.3,
  "geographic_bounds": {
    "west": 11.259651,
    "south": 44.449935,
    "east": 11.442985,
    "north": 44.555471,
    "crs": "EPSG:4326"
  },
  "city_info": {
    "name": "Bologna, Italy",
    "center_lat": 44.502703,
    "center_lon": 11.351318
  },
  "processing_config": {
    "ndvi_threshold": 0.3,
    "cloud_threshold": 20,
    "highlight_alpha": 0.6,
    "date_range": "2024-07 to 2024-07"
  },
  "baseline_vegetation_2020": 66.0489368522278,
  "percent_change_vs_2020": 4.828868591776753,
  "cloud_excluded_percentage": 0.051744540314793426,
  "output_files": [
    "vegetation_highlighted.png",
    "ndvi_visualization.png",
    "false_color_base.png"
  ]
}