{
  "vegetation_percentage": 70.75711956761202,
  "high_density_percentage": 12.890566481119745,
  "medium_density_percentage": 36.10527707198143,
  "low_density_percentage": 21.761276014510848,
  "ndvi_mean": 0.3766324818134308,
  "total_pixels": 680870,
  "vegetation_pixels": 481764,
  "images_processed": 1,
  "images_found": 1,
  "ndvi_threshold": 0.3,
  "geographic_bounds": {
    "west": 85.784034,
    "south": 20.205793,
    "east": 85.880165,
    "north": 20.315623,
    "crs": "EPSG:4326"
  },
  "city_info": {
    "name": "Bhubaneswar, India",
    "center_lat": 20.260708,
    "center_lon": 85.8320995
  },
  "processing_config": {
    "ndvi_threshold": 0.3,
    "cloud_threshold": 20,
    "highlight_alpha": 0.6,
    "date_range": "2024-07 to 2024-07"
  },
  "baseline_vegetation_2020": 78.47114726142863,
  "percent_change_vs_2020": -9.830400042600528,
  "cloud_excluded_percentage": 0.7022174905386585,
  "output_files": [
    "vegetation_highlighted.png",
    "ndvi_visualization.png",
    "false_color_base.png"
  ]
}