{
  "vegetation_percentage": 26.25316921171302,
  "high_density_percentage": 15.558894114459346,
  "medium_density_percentage": 8.061773016702471,
  "low_density_percentage": 2.632502080551201,
  "ndvi_mean": 0.48405274748802185,
  "total_pixels": 826704,
  "vegetation_pixels": 217036,
  "images_processed": 1,
  "images_found": 1,
  "ndvi_threshold": 0.3,
  "geographic_bounds": {
    "west": -123.293917,
    "south": 49.172053,
    "east": -123.022006,
    "north": 49.318856,
    "crs": "EPSG:4326"
  },
  "city_info": {
    "name": "Vancouver, Canada",
    "center_lat": 49.245454499999994,
    "center_lon": -123.1579615
  },
  "processing_config": {
    "ndvi_threshold": 0.3,
    "cloud_threshold": 20,
    "highlight_alpha": 0.6,
    "date_range": "2024-10 to 2024-10"
  },
  "baseline_vegetation_2020": 47.218472391569414,
  "percent_change_vs_2020": -44.40063838998661,
  "cloud_excluded_percentage": 66.70634229421897,
  "output_files": [
    "vegetation_highlighted.png",
    "ndvi_visualization.png",
    "false_color_base.png"
  ]
}