{
  "vegetation_percentage": 96.03799415730836,
  "high_density_percentage": 82.16993235362725,
  "medium_density_percentage": 11.149988336832283,
  "low_density_percentage": 2.718073466848834,
  "ndvi_mean": 0.7412670850753784,
  "total_pixels": 720216,
  "vegetation_pixels": 691681,
  "images_processed": 1,
  "images_found": 1,
  "ndvi_threshold": 0.3,
  "geographic_bounds": {
    "west": 20.840292,
    "south": 43.57482,
    "east": 20.941916,
    "north": 43.678699,
    "crs": "EPSG:4326"
  },
  "city_info": {
    "name": "Vrnja\u010dka Banja, Serbia",
    "center_lat": 43.626759500000006,
    "center_lon": 20.891104
  },
  "processing_config": {
    "ndvi_threshold": 0.3,
    "cloud_threshold": 20,
    "highlight_alpha": 0.6,
    "date_range": "2024-07 to 2024-07"
  },
  "baseline_vegetation_2020": 97.67483592395885,
  "percent_change_vs_2020": -1.675807029688582,
  "cloud_excluded_percentage": 0.11995878410331155,
  "output_files": [
    "vegetation_highlighted.png",
    "ndvi_visualization.png",
    "false_color_base.png"
  ]
}