{
  "vegetation_percentage": 4.728807130665656,
  "high_density_percentage": 0.8423414880839497,
  "medium_density_percentage": 1.6995385296162842,
  "low_density_percentage": 2.1869271129654213,
  "ndvi_mean": 0.07634356617927551,
  "total_pixels": 316380,
  "vegetation_pixels": 14961,
  "images_processed": 1,
  "images_found": 1,
  "ndvi_threshold": 0.3,
  "geographic_bounds": {
    "west": 49.891813,
    "south": 26.239114,
    "east": 50.277708,
    "north": 26.547879,
    "crs": "EPSG:4326"
  },
  "city_info": {
    "name": "Dammam, Saudi Arabia",
    "center_lat": 26.393496499999998,
    "center_lon": 50.0847605
  },
  "processing_config": {
    "ndvi_threshold": 0.3,
    "cloud_threshold": 20,
    "highlight_alpha": 0.6,
    "date_range": "2024-07 to 2024-07"
  },
  "baseline_vegetation_2020": 4.252312476198569,
  "percent_change_vs_2020": 11.205541858322167,
  "cloud_excluded_percentage": 39.32059317677926,
  "output_files": [
    "vegetation_highlighted.png",
    "ndvi_visualization.png",
    "false_color_base.png"
  ]
}