{
  "vegetation_percentage": 20.39107221162165,
  "high_density_percentage": 2.1989108406319255,
  "medium_density_percentage": 8.691793972291027,
  "low_density_percentage": 9.500367398698698,
  "ndvi_mean": 0.15659236907958984,
  "total_pixels": 675016,
  "vegetation_pixels": 137643,
  "images_processed": 1,
  "images_found": 1,
  "ndvi_threshold": 0.3,
  "geographic_bounds": {
    "west": 42.388601,
    "south": 18.132672,
    "east": 42.680082,
    "north": 18.32083,
    "crs": "EPSG:4326"
  },
  "city_info": {
    "name": "Abha, Saudi Arabia",
    "center_lat": 18.226751,
    "center_lon": 42.5343415
  },
  "processing_config": {
    "ndvi_threshold": 0.3,
    "cloud_threshold": 20,
    "highlight_alpha": 0.6,
    "date_range": "2024-07 to 2024-07"
  },
  "baseline_vegetation_2020": 7.645244207122072,
  "percent_change_vs_2020": 166.71577335130723,
  "cloud_excluded_percentage": 0.011850166494839253,
  "output_files": [
    "vegetation_highlighted.png",
    "ndvi_visualization.png",
    "false_color_base.png"
  ]
}