{
  "vegetation_percentage": 89.01759137035678,
  "high_density_percentage": 48.281900669841264,
  "medium_density_percentage": 32.5950958996335,
  "low_density_percentage": 8.140594800882027,
  "ndvi_mean": 0.5567436814308167,
  "total_pixels": 528782,
  "vegetation_pixels": 470709,
  "images_processed": 1,
  "images_found": 1,
  "ndvi_threshold": 0.3,
  "geographic_bounds": {
    "west": 36.763515,
    "south": -18.078646,
    "east": 37.033367,
    "north": -17.762433,
    "crs": "EPSG:4326"
  },
  "city_info": {
    "name": "Quelimane, Mozambique",
    "center_lat": -17.9205395,
    "center_lon": 36.898441
  },
  "processing_config": {
    "ndvi_threshold": 0.3,
    "cloud_threshold": 20,
    "highlight_alpha": 0.6,
    "date_range": "2024-07 to 2024-07"
  },
  "baseline_vegetation_2020": 91.12997016075973,
  "percent_change_vs_2020": -2.317984727391611,
  "cloud_excluded_percentage": 14.912262352060889,
  "output_files": [
    "vegetation_highlighted.png",
    "ndvi_visualization.png",
    "false_color_base.png"
  ]
}