{
  "vegetation_percentage": 98.07264608830397,
  "high_density_percentage": 56.99503540952535,
  "medium_density_percentage": 36.431044271511446,
  "low_density_percentage": 4.64656640726717,
  "ndvi_mean": 0.5847725868225098,
  "total_pixels": 468518,
  "vegetation_pixels": 459488,
  "images_processed": 1,
  "images_found": 1,
  "ndvi_threshold": 0.3,
  "geographic_bounds": {
    "west": 34.415274,
    "south": -0.660889,
    "east": 34.535437,
    "north": -0.499192,
    "crs": "EPSG:4326"
  },
  "city_info": {
    "name": "Homa Bay, Kenya",
    "center_lat": -0.5800405,
    "center_lon": 34.4753555
  },
  "processing_config": {
    "ndvi_threshold": 0.3,
    "cloud_threshold": 20,
    "highlight_alpha": 0.6,
    "date_range": "2024-07 to 2024-07"
  },
  "baseline_vegetation_2020": 98.04626889716045,
  "percent_change_vs_2020": 0.026902799504987727,
  "cloud_excluded_percentage": 6.830818425511268,
  "output_files": [
    "vegetation_highlighted.png",
    "ndvi_visualization.png",
    "false_color_base.png"
  ]
}