{
  "vegetation_percentage": 43.087277321422704,
  "high_density_percentage": 14.305440096938272,
  "medium_density_percentage": 15.706677187099318,
  "low_density_percentage": 13.075160037385109,
  "ndvi_mean": 0.4131447374820709,
  "total_pixels": 425838,
  "vegetation_pixels": 183482,
  "images_processed": 1,
  "images_found": 1,
  "ndvi_threshold": 0.3,
  "geographic_bounds": {
    "west": 28.729076,
    "south": 40.845491,
    "east": 29.347744,
    "north": 41.169856,
    "crs": "EPSG:4326"
  },
  "city_info": {
    "name": "Istanbul, Turkey",
    "center_lat": 41.0076735,
    "center_lon": 29.03841
  },
  "processing_config": {
    "ndvi_threshold": 0.3,
    "cloud_threshold": 20,
    "highlight_alpha": 0.6,
    "date_range": "2024-07 to 2024-07"
  },
  "baseline_vegetation_2020": 49.982297399007244,
  "percent_change_vs_2020": -13.794924275972736,
  "cloud_excluded_percentage": 10.584258102447269,
  "output_files": [
    "vegetation_highlighted.png",
    "ndvi_visualization.png",
    "false_color_base.png"
  ]
}