{
  "vegetation_percentage": 30.08781063985204,
  "high_density_percentage": 22.42372907697807,
  "medium_density_percentage": 5.897300405638531,
  "low_density_percentage": 1.7667811572354413,
  "ndvi_mean": 0.44703561067581177,
  "total_pixels": 643430,
  "vegetation_pixels": 193594,
  "images_processed": 1,
  "images_found": 1,
  "ndvi_threshold": 0.3,
  "geographic_bounds": {
    "west": -71.078646,
    "south": -35.023354,
    "east": -70.225832,
    "north": -34.470441,
    "crs": "EPSG:4326"
  },
  "city_info": {
    "name": "San Fernando, Chile",
    "center_lat": -34.7468975,
    "center_lon": -70.65223900000001
  },
  "processing_config": {
    "ndvi_threshold": 0.3,
    "cloud_threshold": 20,
    "highlight_alpha": 0.6,
    "date_range": "2024-07 to 2024-07"
  },
  "baseline_vegetation_2020": 3.4229053665511397,
  "percent_change_vs_2020": 779.0138031238649,
  "cloud_excluded_percentage": 51.04082806210466,
  "output_files": [
    "vegetation_highlighted.png",
    "ndvi_visualization.png",
    "false_color_base.png"
  ]
}