{
  "vegetation_percentage": 47.007151289941746,
  "high_density_percentage": 20.89030656680021,
  "medium_density_percentage": 17.388932435309375,
  "low_density_percentage": 8.727912287832162,
  "ndvi_mean": 0.4208027720451355,
  "total_pixels": 826704,
  "vegetation_pixels": 388610,
  "images_processed": 1,
  "images_found": 1,
  "ndvi_threshold": 0.3,
  "geographic_bounds": {
    "west": -123.293917,
    "south": 49.172053,
    "east": -123.022006,
    "north": 49.318856,
    "crs": "EPSG:4326"
  },
  "city_info": {
    "name": "Vancouver, Canada",
    "center_lat": 49.245454499999994,
    "center_lon": -123.1579615
  },
  "processing_config": {
    "ndvi_threshold": 0.3,
    "cloud_threshold": 20,
    "highlight_alpha": 0.6,
    "date_range": "2024-04 to 2024-04"
  },
  "baseline_vegetation_2020": 43.987207029359965,
  "percent_change_vs_2020": 6.865505824377689,
  "cloud_excluded_percentage": 32.87645880508622,
  "output_files": [
    "vegetation_highlighted.png",
    "ndvi_visualization.png",
    "false_color_base.png"
  ]
}