{
  "vegetation_percentage": 68.53431181647011,
  "high_density_percentage": 19.63599855657064,
  "medium_density_percentage": 29.762155711728578,
  "low_density_percentage": 19.136157548170882,
  "ndvi_mean": 0.3805866539478302,
  "total_pixels": 279889,
  "vegetation_pixels": 191820,
  "images_processed": 1,
  "images_found": 1,
  "ndvi_threshold": 0.3,
  "geographic_bounds": {
    "west": -75.632554,
    "south": 10.304047,
    "east": -75.398408,
    "north": 10.530282,
    "crs": "EPSG:4326"
  },
  "city_info": {
    "name": "Cartagena, Colombia",
    "center_lat": 10.4171645,
    "center_lon": -75.515481
  },
  "processing_config": {
    "ndvi_threshold": 0.3,
    "cloud_threshold": 20,
    "highlight_alpha": 0.6,
    "date_range": "2024-07 to 2024-07"
  },
  "baseline_vegetation_2020": 72.69289688688548,
  "percent_change_vs_2020": -5.72075849018148,
  "cloud_excluded_percentage": 45.748062631564665,
  "output_files": [
    "vegetation_highlighted.png",
    "ndvi_visualization.png",
    "false_color_base.png"
  ]
}