{
  "vegetation_percentage": 26.959830846348876,
  "high_density_percentage": 17.41687472178676,
  "medium_density_percentage": 7.1387098647157865,
  "low_density_percentage": 2.40424625984633,
  "ndvi_mean": 0.5149639844894409,
  "total_pixels": 826704,
  "vegetation_pixels": 222878,
  "images_processed": 1,
  "images_found": 1,
  "ndvi_threshold": 0.3,
  "geographic_bounds": {
    "west": -123.293917,
    "south": 49.172053,
    "east": -123.022006,
    "north": 49.318856,
    "crs": "EPSG:4326"
  },
  "city_info": {
    "name": "Vancouver, Canada",
    "center_lat": 49.245454499999994,
    "center_lon": -123.1579615
  },
  "processing_config": {
    "ndvi_threshold": 0.3,
    "cloud_threshold": 20,
    "highlight_alpha": 0.6,
    "date_range": "2024-01 to 2024-01"
  },
  "baseline_vegetation_2020": 26.878423232499177,
  "percent_change_vs_2020": 0.30287347269413945,
  "cloud_excluded_percentage": 65.81956782596914,
  "output_files": [
    "vegetation_highlighted.png",
    "ndvi_visualization.png",
    "false_color_base.png"
  ]
}