{
  "vegetation_percentage": 61.45490098978471,
  "high_density_percentage": 45.80087487064231,
  "medium_density_percentage": 12.045343440692278,
  "low_density_percentage": 3.60868267845012,
  "ndvi_mean": 0.44703561067581177,
  "total_pixels": 315018,
  "vegetation_pixels": 193594,
  "images_processed": 1,
  "images_found": 1,
  "ndvi_threshold": 0.3,
  "geographic_bounds": {
    "west": -71.078646,
    "south": -35.023354,
    "east": -70.225832,
    "north": -34.470441,
    "crs": "EPSG:4326"
  },
  "city_info": {
    "name": "San Fernando, Chile",
    "center_lat": -34.7468975,
    "center_lon": -70.65223900000001
  },
  "processing_config": {
    "ndvi_threshold": 0.3,
    "cloud_threshold": 20,
    "highlight_alpha": 0.6,
    "date_range": "2024-07 to 2024-07"
  },
  "baseline_vegetation_2020": 22.800115946830097,
  "percent_change_vs_2020": 169.53766872544696,
  "cloud_excluded_percentage": 51.04082806210466,
  "output_files": [
    "vegetation_highlighted.png",
    "ndvi_visualization.png",
    "false_color_base.png"
  ]
}