{
  "vegetation_percentage": 35.41060463703746,
  "high_density_percentage": 18.062428228416326,
  "medium_density_percentage": 11.14938928906984,
  "low_density_percentage": 6.198787119551291,
  "ndvi_mean": 0.5192597508430481,
  "total_pixels": 526845,
  "vegetation_pixels": 186559,
  "images_processed": 1,
  "images_found": 1,
  "ndvi_threshold": 0.3,
  "geographic_bounds": {
    "west": -2.324467,
    "south": 53.324303,
    "east": -2.099247,
    "north": 53.554986,
    "crs": "EPSG:4326"
  },
  "city_info": {
    "name": "Manchester, United Kingdom",
    "center_lat": 53.4396445,
    "center_lon": -2.211857
  },
  "processing_config": {
    "ndvi_threshold": 0.3,
    "cloud_threshold": 20,
    "highlight_alpha": 0.6,
    "date_range": "2024-05 to 2024-05"
  },
  "baseline_vegetation_2020": 33.89061298863992,
  "percent_change_vs_2020": 4.4849930832087175,
  "cloud_excluded_percentage": 56.30726304700624,
  "output_files": [
    "vegetation_highlighted.png",
    "ndvi_visualization.png",
    "false_color_base.png"
  ]
}