{
  "vegetation_percentage": 40.333541388453426,
  "high_density_percentage": 10.60258568967853,
  "medium_density_percentage": 18.40876541059436,
  "low_density_percentage": 11.322190288180533,
  "ndvi_mean": 0.34016042947769165,
  "total_pixels": 826704,
  "vegetation_pixels": 333439,
  "images_processed": 1,
  "images_found": 1,
  "ndvi_threshold": 0.3,
  "geographic_bounds": {
    "west": -123.293917,
    "south": 49.172053,
    "east": -123.022006,
    "north": 49.318856,
    "crs": "EPSG:4326"
  },
  "city_info": {
    "name": "Vancouver, Canada",
    "center_lat": 49.245454499999994,
    "center_lon": -123.1579615
  },
  "processing_config": {
    "ndvi_threshold": 0.3,
    "cloud_threshold": 20,
    "highlight_alpha": 0.6,
    "date_range": "2024-02 to 2024-02"
  },
  "baseline_vegetation_2020": 41.56324391801661,
  "percent_change_vs_2020": -2.9586298220340286,
  "cloud_excluded_percentage": 34.83991851980878,
  "output_files": [
    "vegetation_highlighted.png",
    "ndvi_visualization.png",
    "false_color_base.png"
  ]
}