{
  "vegetation_percentage": 68.83446208441758,
  "high_density_percentage": 42.043223114109814,
  "medium_density_percentage": 17.051204895869535,
  "low_density_percentage": 9.740034074438238,
  "ndvi_mean": 0.47886133193969727,
  "total_pixels": 707862,
  "vegetation_pixels": 487253,
  "images_processed": 1,
  "images_found": 1,
  "ndvi_threshold": 0.3,
  "geographic_bounds": {
    "west": 110.319128,
    "south": -7.107032,
    "east": 110.533361,
    "north": -6.92064,
    "crs": "EPSG:4326"
  },
  "city_info": {
    "name": "Semarang, Indonesia",
    "center_lat": -7.0138359999999995,
    "center_lon": 110.4262445
  },
  "processing_config": {
    "ndvi_threshold": 0.3,
    "cloud_threshold": 20,
    "highlight_alpha": 0.6,
    "date_range": "2024-07 to 2024-07"
  },
  "baseline_vegetation_2020": 72.0460482482234,
  "percent_change_vs_2020": -4.457685385797706,
  "cloud_excluded_percentage": 9.898922013006107,
  "output_files": [
    "vegetation_highlighted.png",
    "ndvi_visualization.png",
    "false_color_base.png"
  ]
}