{
  "vegetation_percentage": 10.624600824478895,
  "high_density_percentage": 4.44415413497455,
  "medium_density_percentage": 3.576733631384389,
  "low_density_percentage": 2.603713058119956,
  "ndvi_mean": 0.345162034034729,
  "total_pixels": 826704,
  "vegetation_pixels": 87834,
  "images_processed": 1,
  "images_found": 1,
  "ndvi_threshold": 0.3,
  "geographic_bounds": {
    "west": -123.293917,
    "south": 49.172053,
    "east": -123.022006,
    "north": 49.318856,
    "crs": "EPSG:4326"
  },
  "city_info": {
    "name": "Vancouver, Canada",
    "center_lat": 49.245454499999994,
    "center_lon": -123.1579615
  },
  "processing_config": {
    "ndvi_threshold": 0.3,
    "cloud_threshold": 20,
    "highlight_alpha": 0.6,
    "date_range": "2024-11 to 2024-11"
  },
  "baseline_vegetation_2020": 44.14711916236041,
  "percent_change_vs_2020": -75.93364861384347,
  "cloud_excluded_percentage": 81.449829685111,
  "output_files": [
    "vegetation_highlighted.png",
    "ndvi_visualization.png",
    "false_color_base.png"
  ]
}