{
  "vegetation_percentage": 3.285300237667472,
  "high_density_percentage": 1.4770030929861817,
  "medium_density_percentage": 1.301818224287241,
  "low_density_percentage": 0.5064789203940492,
  "ndvi_mean": 0.46890532970428467,
  "total_pixels": 513743,
  "vegetation_pixels": 16878,
  "images_processed": 1,
  "images_found": 1,
  "ndvi_threshold": 0.3,
  "geographic_bounds": {
    "west": -80.927964,
    "south": -1.155546,
    "east": -80.638962,
    "north": -0.91526,
    "crs": "EPSG:4326"
  },
  "city_info": {
    "name": "Manta, Ecuador",
    "center_lat": -1.035403,
    "center_lon": -80.78346300000001
  },
  "processing_config": {
    "ndvi_threshold": 0.3,
    "cloud_threshold": 20,
    "highlight_alpha": 0.6,
    "date_range": "2024-04 to 2024-04"
  },
  "baseline_vegetation_2020": 0.00038929970821986867,
  "percent_change_vs_2020": 843800.0,
  "cloud_excluded_percentage": 95.95984762809421,
  "output_files": [
    "vegetation_highlighted.png",
    "ndvi_visualization.png",
    "false_color_base.png"
  ]
}