{
  "vegetation_percentage": 24.628496047224516,
  "high_density_percentage": 12.430980648957474,
  "medium_density_percentage": 8.106558855071226,
  "low_density_percentage": 4.090956543195817,
  "ndvi_mean": 0.4535335302352905,
  "total_pixels": 526845,
  "vegetation_pixels": 129754,
  "images_processed": 1,
  "images_found": 1,
  "ndvi_threshold": 0.3,
  "geographic_bounds": {
    "west": -2.324467,
    "south": 53.324303,
    "east": -2.099247,
    "north": 53.554986,
    "crs": "EPSG:4326"
  },
  "city_info": {
    "name": "Manchester, United Kingdom",
    "center_lat": 53.4396445,
    "center_lon": -2.211857
  },
  "processing_config": {
    "ndvi_threshold": 0.3,
    "cloud_threshold": 20,
    "highlight_alpha": 0.6,
    "date_range": "2024-12 to 2024-12"
  },
  "baseline_vegetation_2020": 60.00379618293805,
  "percent_change_vs_2020": -58.95510348688976,
  "cloud_excluded_percentage": 65.85637141853866,
  "output_files": [
    "vegetation_highlighted.png",
    "ndvi_visualization.png",
    "false_color_base.png"
  ]
}