{
  "vegetation_percentage": 39.23433173399299,
  "high_density_percentage": 9.351276982353983,
  "medium_density_percentage": 15.343939241280353,
  "low_density_percentage": 14.539115510358652,
  "ndvi_mean": 0.29410064220428467,
  "total_pixels": 575654,
  "vegetation_pixels": 225854,
  "images_processed": 1,
  "images_found": 1,
  "ndvi_threshold": 0.3,
  "geographic_bounds": {
    "west": 28.858718,
    "south": 40.182521,
    "east": 29.01699,
    "north": 40.271643,
    "crs": "EPSG:4326"
  },
  "city_info": {
    "name": "Nil\u00fcfer, Turkey",
    "center_lat": 40.227081999999996,
    "center_lon": 28.937854
  },
  "processing_config": {
    "ndvi_threshold": 0.3,
    "cloud_threshold": 20,
    "highlight_alpha": 0.6,
    "date_range": "2024-07 to 2024-07"
  },
  "baseline_vegetation_2020": 45.75039867698305,
  "percent_change_vs_2020": -14.242645160310454,
  "cloud_excluded_percentage": 0.0,
  "output_files": [
    "vegetation_highlighted.png",
    "ndvi_visualization.png",
    "false_color_base.png"
  ]
}