{
  "vegetation_percentage": 68.4818069099082,
  "high_density_percentage": 33.701614027063634,
  "medium_density_percentage": 23.07554875848195,
  "low_density_percentage": 11.704644124362625,
  "ndvi_mean": 0.4258326590061188,
  "total_pixels": 559718,
  "vegetation_pixels": 383305,
  "images_processed": 1,
  "images_found": 1,
  "ndvi_threshold": 0.3,
  "geographic_bounds": {
    "west": -123.293917,
    "south": 49.172053,
    "east": -123.022006,
    "north": 49.318856,
    "crs": "EPSG:4326"
  },
  "city_info": {
    "name": "Vancouver, Canada",
    "center_lat": 49.245454499999994,
    "center_lon": -123.1579615
  },
  "processing_config": {
    "ndvi_threshold": 0.3,
    "cloud_threshold": 20,
    "highlight_alpha": 0.6,
    "date_range": "2024-07 to 2024-07"
  },
  "baseline_vegetation_2020": 74.57993152488807,
  "percent_change_vs_2020": -8.176629409943695,
  "cloud_excluded_percentage": 32.29523505390079,
  "output_files": [
    "vegetation_highlighted.png",
    "ndvi_visualization.png",
    "false_color_base.png"
  ]
}