{
  "vegetation_percentage": 87.3521011307703,
  "high_density_percentage": 54.972318548050346,
  "medium_density_percentage": 22.483197763384936,
  "low_density_percentage": 9.896584819335002,
  "ndvi_mean": 0.5795694589614868,
  "total_pixels": 778319,
  "vegetation_pixels": 679878,
  "images_processed": 1,
  "images_found": 1,
  "ndvi_threshold": 0.3,
  "geographic_bounds": {
    "west": 20.827369,
    "south": 43.970558,
    "east": 20.958518,
    "north": 44.049326,
    "crs": "EPSG:4326"
  },
  "city_info": {
    "name": "Kragujevac, Serbia",
    "center_lat": 44.009941999999995,
    "center_lon": 20.8929435
  },
  "processing_config": {
    "ndvi_threshold": 0.3,
    "cloud_threshold": 20,
    "highlight_alpha": 0.6,
    "date_range": "2024-07 to 2024-07"
  },
  "baseline_vegetation_2020": 88.9241689657255,
  "percent_change_vs_2020": -1.767874643350489,
  "cloud_excluded_percentage": 0.06304490183741862,
  "output_files": [
    "vegetation_highlighted.png",
    "ndvi_visualization.png",
    "false_color_base.png"
  ]
}