{
  "vegetation_percentage": 85.08587468480899,
  "high_density_percentage": 45.48709897394421,
  "medium_density_percentage": 26.19693293369491,
  "low_density_percentage": 13.401842777169861,
  "ndvi_mean": 0.5318401455879211,
  "total_pixels": 630570,
  "vegetation_pixels": 536526,
  "images_processed": 1,
  "images_found": 1,
  "ndvi_threshold": 0.3,
  "geographic_bounds": {
    "west": 120.542754,
    "south": 16.361589,
    "east": 120.634764,
    "north": 16.434048,
    "crs": "EPSG:4326"
  },
  "city_info": {
    "name": "Baguio, Philippines",
    "center_lat": 16.3978185,
    "center_lon": 120.58875900000001
  },
  "processing_config": {
    "ndvi_threshold": 0.3,
    "cloud_threshold": 20,
    "highlight_alpha": 0.6,
    "date_range": "2024-07 to 2024-07"
  },
  "baseline_vegetation_2020": 86.68427181018818,
  "percent_change_vs_2020": -1.8439298064119294,
  "cloud_excluded_percentage": 18.436482590288744,
  "output_files": [
    "vegetation_highlighted.png",
    "ndvi_visualization.png",
    "false_color_base.png"
  ]
}