{
  "vegetation_percentage": 54.639239076268794,
  "high_density_percentage": 32.34668705371099,
  "medium_density_percentage": 12.83176664675422,
  "low_density_percentage": 9.46078537580359,
  "ndvi_mean": 0.3980535864830017,
  "total_pixels": 323081,
  "vegetation_pixels": 176529,
  "images_processed": 1,
  "images_found": 1,
  "ndvi_threshold": 0.3,
  "geographic_bounds": {
    "west": 126.842566,
    "south": 37.475908,
    "east": 127.103148,
    "north": 37.622078,
    "crs": "EPSG:4326"
  },
  "city_info": {
    "name": "Seoul, South Korea",
    "center_lat": 37.548992999999996,
    "center_lon": 126.972857
  },
  "processing_config": {
    "ndvi_threshold": 0.3,
    "cloud_threshold": 20,
    "highlight_alpha": 0.6,
    "date_range": "2024-07 to 2024-07"
  },
  "baseline_vegetation_2020": 31.3441712926249,
  "percent_change_vs_2020": 74.32025420664125,
  "cloud_excluded_percentage": 63.1081209156484,
  "output_files": [
    "vegetation_highlighted.png",
    "ndvi_visualization.png",
    "false_color_base.png"
  ]
}