{
  "vegetation_percentage": 31.008772415013773,
  "high_density_percentage": 8.459509560209804,
  "medium_density_percentage": 13.17774452059882,
  "low_density_percentage": 9.371518334205149,
  "ndvi_mean": 0.32499024271965027,
  "total_pixels": 632779,
  "vegetation_pixels": 196217,
  "images_processed": 1,
  "images_found": 1,
  "ndvi_threshold": 0.3,
  "geographic_bounds": {
    "west": 90.308905,
    "south": 23.669675,
    "east": 90.479193,
    "north": 23.883006,
    "crs": "EPSG:4326"
  },
  "city_info": {
    "name": "Dhaka, Bangladesh",
    "center_lat": 23.776340500000003,
    "center_lon": 90.394049
  },
  "processing_config": {
    "ndvi_threshold": 0.3,
    "cloud_threshold": 20,
    "highlight_alpha": 0.6,
    "date_range": "2024-01 to 2024-01"
  },
  "baseline_vegetation_2020": 38.3582577803625,
  "percent_change_vs_2020": -19.16011255628845,
  "cloud_excluded_percentage": 23.20699643951522,
  "output_files": [
    "vegetation_highlighted.png",
    "ndvi_visualization.png",
    "false_color_base.png"
  ]
}