{
  "vegetation_percentage": 26.959951808627995,
  "high_density_percentage": 17.417116646345004,
  "medium_density_percentage": 7.1387098647157865,
  "low_density_percentage": 2.4041252975672065,
  "ndvi_mean": 0.5149641633033752,
  "total_pixels": 826704,
  "vegetation_pixels": 222879,
  "images_processed": 1,
  "images_found": 1,
  "ndvi_threshold": 0.3,
  "geographic_bounds": {
    "west": -123.293917,
    "south": 49.172053,
    "east": -123.022006,
    "north": 49.318856,
    "crs": "EPSG:4326"
  },
  "city_info": {
    "name": "Vancouver, Canada",
    "center_lat": 49.245454499999994,
    "center_lon": -123.1579615
  },
  "processing_config": {
    "ndvi_threshold": 0.3,
    "cloud_threshold": 20,
    "highlight_alpha": 0.6,
    "date_range": "2024-09 to 2024-09"
  },
  "baseline_vegetation_2020": 30.44814105169444,
  "percent_change_vs_2020": -11.456164884234617,
  "cloud_excluded_percentage": 65.81956782596914,
  "output_files": [
    "vegetation_highlighted.png",
    "ndvi_visualization.png",
    "false_color_base.png"
  ]
}