{
  "vegetation_percentage": 60.39859920849586,
  "high_density_percentage": 28.405128643149315,
  "medium_density_percentage": 21.35770482779565,
  "low_density_percentage": 10.635765737550892,
  "ndvi_mean": 0.4605514705181122,
  "total_pixels": 526845,
  "vegetation_pixels": 318207,
  "images_processed": 1,
  "images_found": 1,
  "ndvi_threshold": 0.3,
  "geographic_bounds": {
    "west": -2.324467,
    "south": 53.324303,
    "east": -2.099247,
    "north": 53.554986,
    "crs": "EPSG:4326"
  },
  "city_info": {
    "name": "Manchester, United Kingdom",
    "center_lat": 53.4396445,
    "center_lon": -2.211857
  },
  "processing_config": {
    "ndvi_threshold": 0.3,
    "cloud_threshold": 20,
    "highlight_alpha": 0.6,
    "date_range": "2024-03 to 2024-03"
  },
  "baseline_vegetation_2020": 28.007858098681776,
  "percent_change_vs_2020": 115.64876184280082,
  "cloud_excluded_percentage": 22.881492659131244,
  "output_files": [
    "vegetation_highlighted.png",
    "ndvi_visualization.png",
    "false_color_base.png"
  ]
}