{
  "vegetation_percentage": 98.93330599300856,
  "high_density_percentage": 92.32429744962522,
  "medium_density_percentage": 5.269988047971035,
  "low_density_percentage": 1.3390204954123028,
  "ndvi_mean": 0.789760410785675,
  "total_pixels": 712013,
  "vegetation_pixels": 704418,
  "images_processed": 1,
  "images_found": 1,
  "ndvi_threshold": 0.3,
  "geographic_bounds": {
    "west": 22.083464,
    "south": 42.643803,
    "east": 22.231436,
    "north": 42.716493,
    "crs": "EPSG:4326"
  },
  "city_info": {
    "name": "Surdulica, Serbia",
    "center_lat": 42.680148,
    "center_lon": 22.157449999999997
  },
  "processing_config": {
    "ndvi_threshold": 0.3,
    "cloud_threshold": 20,
    "highlight_alpha": 0.6,
    "date_range": "2024-07 to 2024-07"
  },
  "baseline_vegetation_2020": 100.0,
  "percent_change_vs_2020": -1.0666940069914403,
  "cloud_excluded_percentage": 0.011796145749806558,
  "output_files": [
    "vegetation_highlighted.png",
    "ndvi_visualization.png",
    "false_color_base.png"
  ]
}