{
  "vegetation_percentage": 3.482950920531791,
  "high_density_percentage": 1.1528043272954045,
  "medium_density_percentage": 1.3753215367692033,
  "low_density_percentage": 0.9548250564671832,
  "ndvi_mean": 0.06754718720912933,
  "total_pixels": 835441,
  "vegetation_pixels": 29098,
  "images_processed": 1,
  "images_found": 1,
  "ndvi_threshold": 0.3,
  "geographic_bounds": {
    "west": 39.415587,
    "south": 24.362676,
    "east": 39.729309,
    "north": 24.585842,
    "crs": "EPSG:4326"
  },
  "city_info": {
    "name": "Madinah, Saudi Arabia",
    "center_lat": 24.474259,
    "center_lon": 39.572448
  },
  "processing_config": {
    "ndvi_threshold": 0.3,
    "cloud_threshold": 20,
    "highlight_alpha": 0.6,
    "date_range": "2024-07 to 2024-07"
  },
  "baseline_vegetation_2020": 2.821958290325517,
  "percent_change_vs_2020": 23.423189225451935,
  "cloud_excluded_percentage": 0.00203481204321462,
  "output_files": [
    "vegetation_highlighted.png",
    "ndvi_visualization.png",
    "false_color_base.png"
  ]
}