{
  "vegetation_percentage": 30.934970977229014,
  "high_density_percentage": 8.00168779305255,
  "medium_density_percentage": 12.965980223743204,
  "low_density_percentage": 9.967302960433264,
  "ndvi_mean": 0.31668028235435486,
  "total_pixels": 632779,
  "vegetation_pixels": 195750,
  "images_processed": 1,
  "images_found": 1,
  "ndvi_threshold": 0.3,
  "geographic_bounds": {
    "west": 90.308905,
    "south": 23.669675,
    "east": 90.479193,
    "north": 23.883006,
    "crs": "EPSG:4326"
  },
  "city_info": {
    "name": "Dhaka, Bangladesh",
    "center_lat": 23.776340500000003,
    "center_lon": 90.394049
  },
  "processing_config": {
    "ndvi_threshold": 0.3,
    "cloud_threshold": 20,
    "highlight_alpha": 0.6,
    "date_range": "2024-02 to 2024-02"
  },
  "baseline_vegetation_2020": 35.19348777377252,
  "percent_change_vs_2020": -12.100297713934188,
  "cloud_excluded_percentage": 21.40478745343951,
  "output_files": [
    "vegetation_highlighted.png",
    "ndvi_visualization.png",
    "false_color_base.png"
  ]
}