{
  "vegetation_percentage": 13.167717998384884,
  "high_density_percentage": 1.6701773804616071,
  "medium_density_percentage": 5.642460624474099,
  "low_density_percentage": 5.855079993449178,
  "ndvi_mean": 0.1219702810049057,
  "total_pixels": 708308,
  "vegetation_pixels": 93268,
  "images_processed": 1,
  "images_found": 1,
  "ndvi_threshold": 0.3,
  "geographic_bounds": {
    "west": -70.695691,
    "south": -33.482054,
    "east": -70.621877,
    "north": -33.423762,
    "crs": "EPSG:4326"
  },
  "city_info": {
    "name": "Santiago, Chile",
    "center_lat": -33.452908,
    "center_lon": -70.658784
  },
  "processing_config": {
    "ndvi_threshold": 0.3,
    "cloud_threshold": 20,
    "highlight_alpha": 0.6,
    "date_range": "2024-07 to 2024-07"
  },
  "baseline_vegetation_2020": 16.251141850946084,
  "percent_change_vs_2020": -18.973582784779484,
  "cloud_excluded_percentage": 3.9745127944416203,
  "output_files": [
    "vegetation_highlighted.png",
    "ndvi_visualization.png",
    "false_color_base.png"
  ]
}