{
  "vegetation_percentage": 2.427002700270027,
  "high_density_percentage": 0.46624662466246625,
  "medium_density_percentage": 0.9083708370837085,
  "low_density_percentage": 1.0523852385238524,
  "ndvi_mean": 0.04540523886680603,
  "total_pixels": 277750,
  "vegetation_pixels": 6741,
  "images_processed": 1,
  "images_found": 1,
  "ndvi_threshold": 0.3,
  "geographic_bounds": {
    "west": 38.999748,
    "south": 21.27735,
    "east": 39.490013,
    "north": 21.871189,
    "crs": "EPSG:4326"
  },
  "city_info": {
    "name": "Jeddah, Saudi Arabia",
    "center_lat": 21.5742695,
    "center_lon": 39.244880499999994
  },
  "processing_config": {
    "ndvi_threshold": 0.3,
    "cloud_threshold": 20,
    "highlight_alpha": 0.6,
    "date_range": "2024-07 to 2024-07"
  },
  "baseline_vegetation_2020": 0.6967537608867775,
  "percent_change_vs_2020": 248.33004664102774,
  "cloud_excluded_percentage": 30.398763090169624,
  "output_files": [
    "vegetation_highlighted.png",
    "ndvi_visualization.png",
    "false_color_base.png"
  ]
}